cveID,vendorProject,product,vulnerabilityName,dateAdded,shortDescription,requiredAction,dueDate,knownRansomwareCampaignUse,notes,cwes
CVE-2026-53362,Linux,Kernel,"Linux Kernel Unspecified Vulnerability",2026-08-27,"Linux Kernel contains an unspecified vulnerability that can allow for privilege escalation via IPv6 networking subsystem. This vulnerability can impact multiple products, including but not limited to Suse, Red Hat, and other products using Linux. ","Apply mitigations in accordance with vendor instructions, ensuring compliance with CISA’s BOD 26-04 Prioritizing Security Updates Based on Risk (see URL in Notes) guidance and CISA’s “Forensics Triage Requirements” (see URL in Notes). Follow applicable BOD 26-04 guidance for cloud services or discontinue use of the product if mitigations are unavailable. Stakeholders are responsible for evaluating each asset's internet exposure and ensuring adherence to BOD 26-04 patching guidelines.",2026-08-30,Unknown,"This vulnerability affects an open-source component, third-party library, protocol, or proprietary implementation that could be used by different products. For more information, please see: ; https://git.kernel.org/stable/c/14200d435af9a9eeb444f529fc2f689a236b7962; https://git.kernel.org/stable/c/65fb14cbebb0cd0eff903a22d33537ddc8b95769; https://git.kernel.org/stable/c/46f201f8b4c39633a1fa3dc12459f506d470993d; https://git.kernel.org/stable/c/6374fb9edf72c67a118a2c214a0dddd04c921e0a; https://git.kernel.org/stable/c/e9eacf19281ea2498b36291b56c9606118c2d74e; https://git.kernel.org/stable/c/736b380e28d0480c7bc3e022f1950f31fe53a7c5 ; BOD 26-04: https://www.cisa.gov/news-events/directives/bod-26-04-prioritizing-security-updates-based-risk ; Forensics Triage Requirements: https://www.cisa.gov/news-events/directives/bod-26-04-implementation-guidance-prioritizing-security-updates-based-risk ; https://nvd.nist.gov/vuln/detail/CVE-2026-53362",
CVE-2026-59310,Broadcom,"VMware vCenter","Broadcom VMware vCenter Path Traversal Vulnerability",2026-08-18,"Broadcom VMware vCenter contains a path traversal vulnerability which could allow a threat actor with network access to vCenter to execute arbitrary code.","Apply mitigations in accordance with vendor instructions, ensuring compliance with CISA’s BOD 26-04 Prioritizing Security Updates Based on Risk (see URL in Notes) guidance and CISA’s “Forensics Triage Requirements” (see URL in Notes). Follow applicable BOD 26-04 guidance for cloud services or discontinue use of the product if mitigations are unavailable. Stakeholders are responsible for evaluating each asset's internet exposure and ensuring adherence to BOD 26-04 patching guidelines.",2026-08-21,Unknown,"https://support.broadcom.com/web/ecx/support-content-notification/-/external/content/SecurityAdvisories/0/38017 ; BOD 26-04: https://www.cisa.gov/news-events/directives/bod-26-04-prioritizing-security-updates-based-risk ; Forensics Triage Requirements: https://www.cisa.gov/news-events/directives/bod-26-04-implementation-guidance-prioritizing-security-updates-based-risk ; https://nvd.nist.gov/vuln/detail/CVE-2026-59310",CWE-22
CVE-2026-55040,Microsoft,SharePoint,"Microsoft SharePoint Weak Authentication Vulnerability",2026-08-18,"Microsoft SharePoint contains a weak authentication vulnerability which allows an unauthorized attacker to bypass a security feature over a network.","Apply mitigations in accordance with vendor instructions, ensuring compliance with CISA’s BOD 26-04 Prioritizing Security Updates Based on Risk (see URL in Notes) guidance and CISA’s “Forensics Triage Requirements” (see URL in Notes). Follow applicable BOD 26-04 guidance for cloud services or discontinue use of the product if mitigations are unavailable. Stakeholders are responsible for evaluating each asset's internet exposure and ensuring adherence to BOD 26-04 patching guidelines.",2026-08-21,Unknown,"https://msrc.microsoft.com/update-guide/vulnerability/CVE-2026-55040 ; BOD 26-04: https://www.cisa.gov/news-events/directives/bod-26-04-prioritizing-security-updates-based-risk ; Forensics Triage Requirements: https://www.cisa.gov/news-events/directives/bod-26-04-implementation-guidance-prioritizing-security-updates-based-risk ; https://nvd.nist.gov/vuln/detail/CVE-2026-55040",CWE-1390
CVE-2026-50522,Microsoft,SharePoint,"Microsoft SharePoint Deserialization of Untrusted Data Vulnerability ",2026-07-22,"Microsoft SharePoint contains a deserialization of untrusted data vulnerability which could allow an unauthorized attacker to execute code over a network.","Apply mitigations in accordance with vendor instructions, ensuring compliance with CISA’s BOD 26-04 Prioritizing Security Updates Based on Risk (see URL in Notes) guidance and CISA’s “Forensics Triage Requirements” (see URL in Notes). Follow applicable BOD 26-04 guidance for cloud services or discontinue use of the product if mitigations are unavailable. Stakeholders are responsible for evaluating each asset's internet exposure and ensuring adherence to BOD 26-04 patching guidelines.",2026-07-25,Unknown,"https://msrc.microsoft.com/update-guide/vulnerability/CVE-2026-50522 ; BOD 26-04: https://www.cisa.gov/news-events/directives/bod-26-04-prioritizing-security-updates-based-risk ; Forensics Triage Requirements: https://www.cisa.gov/news-events/directives/bod-26-04-implementation-guidance-prioritizing-security-updates-based-risk ; https://nvd.nist.gov/vuln/detail/CVE-2026-50522",CWE-502
CVE-2026-58644,Microsoft,SharePoint,"Microsoft SharePoint Deserialization of Untrusted Data Vulnerability",2026-07-16,"Microsoft SharePoint contains a deserialization of untrusted data vulnerability that allows an unauthorized attacker to execute code over a network.","Apply mitigations in accordance with vendor instructions, ensuring compliance with CISA’s BOD 26-04 Prioritizing Security Updates Based on Risk (see URL in Notes) guidance and CISA’s “Forensics Triage Requirements” (see URL in Notes). Follow applicable BOD 26-04 guidance for cloud services or discontinue use of the product if mitigations are unavailable. Stakeholders are responsible for evaluating each asset's internet exposure and ensuring adherence to BOD 26-04 patching guidelines.",2026-07-19,Unknown,"https://msrc.microsoft.com/update-guide/vulnerability/CVE-2026-58644 ; BOD 26-04: https://www.cisa.gov/news-events/directives/bod-26-04-prioritizing-security-updates-based-risk ; Forensics Triage Requirements: https://www.cisa.gov/news-events/directives/bod-26-04-implementation-guidance-prioritizing-security-updates-based-risk ; https://nvd.nist.gov/vuln/detail/CVE-2026-58644",CWE-502
CVE-2026-56155,Microsoft,"Active Directory Federation Services","Microsoft Active Directory Federation Services Insufficient Granularity of Access Control Vulnerability ",2026-07-14,"Microsoft Active Directory Federation Services contains an insufficient granularity of access control vulnerability that allows an authorized attacker to elevate privileges locally.","Apply mitigations in accordance with vendor instructions, ensuring compliance with CISA’s BOD 26-04 Prioritizing Security Updates Based on Risk (see URL in Notes) guidance and CISA’s “Forensics Triage Requirements” (see URL in Notes). Follow applicable BOD 26-04 guidance for cloud services or discontinue use of the product if mitigations are unavailable. Stakeholders are responsible for evaluating each asset's internet exposure and ensuring adherence to BOD 26-04 patching guidelines.",2026-07-28,Unknown,"https://msrc.microsoft.com/update-guide/en-US/vulnerability/CVE-2026-56155 ; BOD 26-04: https://www.cisa.gov/news-events/directives/bod-26-04-prioritizing-security-updates-based-risk ; Forensics Triage Requirements: https://www.cisa.gov/news-events/directives/bod-26-04-implementation-guidance-prioritizing-security-updates-based-risk ; https://nvd.nist.gov/vuln/detail/CVE-2026-56155; https://learn.microsoft.com/en-us/windows-server/identity/ad-fs/decommission/adfs-decommission-guide",CWE-1220
CVE-2026-56164,Microsoft,"SharePoint Server","Microsoft SharePoint Server Missing Authentication for Critical Function Vulnerability",2026-07-14,"Microsoft SharePoint contains a missing authentication for critical function vulnerability that allows an unauthorized attacker to elevate privileges over a network.","Apply mitigations in accordance with vendor instructions, ensuring compliance with CISA’s BOD 26-04 Prioritizing Security Updates Based on Risk (see URL in Notes) guidance and CISA’s “Forensics Triage Requirements” (see URL in Notes). Follow applicable BOD 26-04 guidance for cloud services or discontinue use of the product if mitigations are unavailable. Stakeholders are responsible for evaluating each asset's internet exposure and ensuring adherence to BOD 26-04 patching guidelines.",2026-07-17,Unknown,"https://msrc.microsoft.com/update-guide/en-US/vulnerability/CVE-2026-56164 ; BOD 26-04: https://www.cisa.gov/news-events/directives/bod-26-04-prioritizing-security-updates-based-risk ; Forensics Triage Requirements: https://www.cisa.gov/news-events/directives/bod-26-04-implementation-guidance-prioritizing-security-updates-based-risk ; https://nvd.nist.gov/vuln/detail/CVE-2026-56164",CWE-306
CVE-2026-56291,Balbooa,Forms,"Balbooa Forms Unrestricted Upload of File with Dangerous Type Vulnerability",2026-07-10,"Balbooa Forms contains an unrestricted upload of file with dangerous type vulnerability that allows an unauthenticated arbitrary file upload which could allow uploading of executable files leading to full RCE.","Apply mitigations in accordance with vendor instructions, ensuring compliance with CISA’s BOD 26-04 Prioritizing Security Updates Based on Risk (see URL in Notes) guidance and CISA’s “Forensics Triage Requirements” (see URL in Notes). Follow applicable BOD 26-04 guidance for cloud services or discontinue use of the product if mitigations are unavailable. Stakeholders are responsible for evaluating each asset's internet exposure and ensuring adherence to BOD 26-04 patching guidelines.",2026-07-13,Unknown,"https://www.balbooa.com/joomla-forms ; BOD 26-04: https://www.cisa.gov/news-events/directives/bod-26-04-prioritizing-security-updates-based-risk ; Forensics Triage Requirements: https://www.cisa.gov/news-events/directives/bod-26-04-implementation-guidance-prioritizing-security-updates-based-risk ; https://nvd.nist.gov/vuln/detail/CVE-2026-56291",CWE-434
CVE-2026-55255,Langflow,Langflow,"Langflow Authorization Bypass Through User-Controlled Key Vulnerability",2026-07-07,"Langflow contains an authorization bypass through user-controlled key vulnerability which allows an authenticated attacker to execute any flow belonging to another user by specifying the victim's flow ID in the request.","Apply mitigations in accordance with vendor instructions, ensuring compliance with CISA’s BOD 26-04 Prioritizing Security Updates Based on Risk (see URL in Notes) guidance and CISA’s “Forensics Triage Requirements” (see URL in Notes). Follow applicable BOD 26-04 guidance for cloud services or discontinue use of the product if mitigations are unavailable. Stakeholders are responsible for evaluating each asset's internet exposure and ensuring adherence to BOD 26-04 patching guidelines.",2026-07-10,Unknown,"https://github.com/langflow-ai/langflow/security/advisories/GHSA-qrpv-q767-xqq2 ; BOD 26-04: https://www.cisa.gov/news-events/directives/bod-26-04-prioritizing-security-updates-based-risk ; Forensics Triage Requirements: https://www.cisa.gov/news-events/directives/bod-26-04-implementation-guidance-prioritizing-security-updates-based-risk ; https://nvd.nist.gov/vuln/detail/CVE-2026-55255",CWE-639
CVE-2026-56290,Joomlack,"Page Builder","Joomlack Page Builder Improper Access Control Vulnerability",2026-07-07,"Joomlack Page Builder contains an improper access control vulnerability that could allow for remote code execution via unauthenticated arbitrary file upload.","Apply mitigations in accordance with vendor instructions, ensuring compliance with CISA’s BOD 26-04 Prioritizing Security Updates Based on Risk (see URL in Notes) guidance and CISA’s “Forensics Triage Requirements” (see URL in Notes). Follow applicable BOD 26-04 guidance for cloud services or discontinue use of the product if mitigations are unavailable. Stakeholders are responsible for evaluating each asset's internet exposure and ensuring adherence to BOD 26-04 patching guidelines.",2026-07-10,Unknown,"https://www.joomlack.fr/en/joomla-extensions/page-builder-ck ; BOD 26-04: https://www.cisa.gov/news-events/directives/bod-26-04-prioritizing-security-updates-based-risk ; Forensics Triage Requirements: https://www.cisa.gov/news-events/directives/bod-26-04-implementation-guidance-prioritizing-security-updates-based-risk ; https://nvd.nist.gov/vuln/detail/CVE-2026-56290",CWE-284
CVE-2026-54420,LiteSpeed,"cPanel Plugin","LiteSpeed cPanel Plugin UNIX Symbolic Link (Symlink) Following Vulnerability",2026-06-15,"LiteSpeed cPanel plugin contains a UNIX symbolic link (Symlink) following vulnerability that could allow a user with FTP or web shell access on a shared hosting server running CloudLinux/CageFS.","Apply mitigations in accordance with vendor instructions, ensuring compliance with CISA’s BOD 26-04 Prioritizing Security Updates Based on Risk (see URL in Notes) guidance and CISA’s “Forensics Triage Requirements” (see URL in Notes). Follow applicable BOD 26-04 guidance for cloud services or discontinue use of the product if mitigations are unavailable. Stakeholders are responsible for evaluating each asset's internet exposure and ensuring adherence to BOD 26-04 patching guidelines.",2026-06-18,Unknown,"https://blog.litespeedtech.com/2026/06/01/security-update-for-litespeed-cpanel-plugin-2/ ; BOD 26-04: https://www.cisa.gov/news-events/directives/bod-26-04-prioritizing-security-updates-based-risk ; Forensics Triage Requirements: https://www.cisa.gov/news-events/directives/bod-26-04-implementation-guidance-prioritizing-security-updates-based-risk ; https://nvd.nist.gov/vuln/detail/CVE-2026-54420",CWE-61
CVE-2026-50751,"Check Point","Security Gateway","Check Point Security Gateway Improper Authentication Vulnerability",2026-06-08,"Check Point Security Gateway contains an improper authentication vulnerability in IKEv1 key exchange that could allow an unauthenticated remote attacker to bypass user authentication and establish a remote access VPN connection without a valid user password.","Apply mitigations per vendor instructions, follow applicable BOD 22-01 guidance for cloud services, or discontinue use of the product if mitigations are unavailable.",2026-06-11,Known,"https://blog.checkpoint.com/security/check-point-releases-important-hotfix-for-vulnerabilities-in-deprecated-ikev1-vpn-protocol/ ; https://support.checkpoint.com/results/sk/sk185033?_gl=1*1wqeqhc*_gcl_au*MTI1MzE5MjI2LjE3ODA5MzQ1NTM. ; https://nvd.nist.gov/vuln/detail/CVE-2026-50751",CWE-287
CVE-2026-5281,Google,Dawn,"Google Dawn Use-After-Free Vulnerability",2026-04-01,"Google Dawn contains an use-after-free vulnerability that could allow a remote attacker who had compromised the renderer process to execute arbitrary code via a crafted HTML page. This vulnerability could affect multiple Chromium-based products including, but not limited to, Google Chrome, Microsoft Edge, and Opera.","Apply mitigations per vendor instructions, follow applicable BOD 22-01 guidance for cloud services, or discontinue use of the product if mitigations are unavailable.",2026-04-15,Unknown,"This vulnerability affects an open-source component, third-party library, protocol, or proprietary implementation that could be used by different products. For more information, please see: https://chromereleases.googleblog.com/2026/03/stable-channel-update-for-desktop_31.html ; https://nvd.nist.gov/vuln/detail/CVE-2026-5281 ",CWE-416
